Identifier,Title,Year,Author,DOI,URL,Custom3,Publisher,BibliographyType
10.1007/978-3-642-02987-5_10,desenvolvimento de software global com plataformas em nuvem,2009,Yara Pavan and Ramachandran Ramaseshan and Balasubramanian Gayathri and Muthuswamy Karthik and Chandrasekar Divya,10.1007/978-3-642-02987-5_10,https://doi.org/10.1007{\%}2F978-3-642-02987-5{\_}10,Cloud computingCompute cloudGlobally distributed software developmentSoftwareasaserviceStorage cloud,Springer Berlin Heidelberg,Lecture Notes in Business Information Processing
10.1109/ITI.2008.4588381,Cloud computing Questões pesquisa e implementações,2008,Vouk Mladen A,10.1109/ITI.2008.4588381,https://doi.org/10.1109{\%}2Fiti.2008.4588381,Cloud computingEndtoend quality of serviceUtility computingVirtual computing labVirtualization,IEEE,Proceedings of the International Conference on Information Technology Interfaces ITI
10.1109/SERA.2009.43,Um modelo de qualidade para avaliar softwareasaservice na computação em nuvem,2009,Lee Jae Yoo and Lee Jung Woo and Cheun Du Wan and Kim Soo Dong,10.1109/SERA.2009.43,https://doi.org/10.1109{\%}2Fsera.2009.43,,IEEE,Proceedings  7th ACIS International Conference on Software Engineering Research Management and Applications SERA09
10.1109/ICEIT.2010.5607613,A análise do padrão de engenharia de software GIS sob o ambiente de computação em nuvem,2010,Peng Zhou and Mei Li and Fei Wang and Fei Yin,10.1109/ICEIT.2010.5607613,https://doi.org/10.1109{\%}2Ficeit.2010.5607613,Cloud computingGISSoftware engineering,IEEE,ICEIT 2010  2010 International Conference on Educational and Information Technology Proceedings
10.1109/CLOUD.2009.5071530,Engenharia da nuvem de módulos de software,2009,Rellermeyer Jan S and Duller Michael and Alonso Gustavo,10.1109/CLOUD.2009.5071530,https://doi.org/10.1109{\%}2Fcloud.2009.5071530,,IEEE,Proceedings of the 2009 ICSE Workshop on Software Engineering Challenges of Cloud Computing CLOUD 2009
10.1109/COMPSAC.2009.76,Mais contos de questões de pesquisa nuvens Software de engenharia a partir da perspectiva de aplicativos em nuvem,2009,Mei Lijun and Zhang Zhenyu and Chan W K,10.1109/COMPSAC.2009.76,https://doi.org/10.1109{\%}2Fcompsac.2009.76,ApplicationsCloud computingSoftware engineering,IEEE,Proceedings  International Computer Software and Applications Conference
10.1109/CCGRID.2010.76,Aplicando princípios de engenharia de software para projetar CloudHome,2010,Cunsolo V D and Distefano S and Puliafito A and Scarpa M,10.1109/CCGRID.2010.76,https://doi.org/10.1109{\%}2Fccgrid.2010.76,Cloud computingCrossplatform interoperabilityHWSW codesignSeparation of concernsVolunteer computing,IEEE,CCGrid 2010  10th IEEEACM International Conference on Cluster Cloud and Grid Computing
10.1109/ICICCI.2010.120,A pesquisa sobre tecnologia chave em SaaS,2010,Ju Jiehui and Ya Wang and Fu Jianqing and Wu Jiyi and Lin Zhijie,10.1109/ICICCI.2010.120,https://doi.org/10.1109{\%}2Ficicci.2010.120,AdvantageArchitectureKey technologyMaturity ModelSaaS,IEEE,Proceedings  2010 International Conference on Intelligent Computing and Cognitive Informatics ICICCI 2010
10.1007/978-3-642-10665-1_25,Um processo sistemático para o desenvolvimento de alta qualidade SaaS serviços em nuvem,2009,La Hyun Jung and Kim Soo Dong,10.1007/978-3-642-10665-1_25,https://doi.org/10.1007{\%}2F978-3-642-10665-1{\_}25,Cloud computingCommonality and variability analysisDevelopment processSaaSSoftwareasaService,Springer Berlin Heidelberg,Lecture Notes in Computer Science including subseries Lecture Notes in Artificial Intelligence and Lecture Notes in Bioinformatics
10.5220/0006183300710088,Computacionais Cloud Services e fluxos de trabalho para Engenharia Agile,2016,Weber Daniel and Collado Antonio and Stork Andre and Dokken Tor and Stahl Christian,10.5220/0006183300710088,https://doi.org/10.5220{\%}2F0006183300710088,,SCITEPRESS  Science and and Technology Publications,European Project Space on Information and Communication Systems
10.1109/ISED.2010.48,Impacto da Web 20 e plataforma de Cloud Computing em engenharia de software,2010,Guha Radha and AlDabass David,10.1109/ISED.2010.48,https://doi.org/10.1109{\%}2Fised.2010.48,Agile process modelCloud computingSoftware engineeringWeb 20,IEEE,Proceedings  2010 International Symposium on Electronic System Design ISED 2010
10.1109/ICEBE.2009.56,desafios técnicos e espaço de soluções para o desenvolvimento de SaaS e serviços mashup de nuvem,2009,La Hyun Jung and Choi Si Won and Kim Soo Dong,10.1109/ICEBE.2009.56,https://doi.org/10.1109{\%}2Ficebe.2009.56,Cloud computingMashup serviceSoftwareasaService SaaSTechnical challenges and solutions,IEEE,Proceedings  IEEE International Conference on eBusiness Engineering ICEBE 2009 IEEE Int Workshops  AiR 2009 SOAIC 2009 SOKMBI 2009 ASOC 2009
10.1007/s11219-016-9314-x,Impacto da personalização em detrimento da qualidade de software no ERP projeta um estudo empírico,2017,Parthasarathy Sudhaman and Sharma Srinarayan,10.1007/s11219-016-9314-x,https://doi.org/10.1007{\%}2Fs11219-016-9314-x,CustomizationEnterprise resource planning ERPQuality attributesSoftware quality,Springer Science and Business Media LLC,
10.1109/WISM.2009.128,Um modelo de relacionamento personalização multigranularity para SaaS,2009,Li Hongbo and Shi Yuliang and Li Qingzhong,10.1109/WISM.2009.128,https://doi.org/10.1109{\%}2Fwism.2009.128,CustomizationMultigranularityRelationshipSaaSValidation,IEEE,2009 International Conference on Web Information Systems and Mining WISM 2009
10.1109/GUT.2012.6344158,processo de serviço variável metamodelo recurso para aplicação SaaS,2012,Salih Nadir K and Zang Tianyi,10.1109/GUT.2012.6344158,https://doi.org/10.1109{\%}2Fgut.2012.6344158,SaaSmultitenancyservice processvariability,IEEE,Proceedings of the 2012 International Conference in Green and Ubiquitous Technology GUT 2012
10.1145/2601248.2601268,Diretrizes para a bola de neve em estudos sistemáticos de literatura e uma replicação em engenharia de software,2014,Wohlin Claes,10.1145/2601248.2601268,https://doi.org/10.1145{\%}2F2601248.2601268,ReplicationSnowball searchSnowballingSystematic literature reviewSystematic mapping studies,ACM Press,ACM International Conference Proceeding Series
10.1007/978-1-4842-3965-0_5,Tenant único vs multi Tenant,2019,Malik Sahil and Malik Sahil,10.1007/978-1-4842-3965-0_5,https://doi.org/10.1007{\%}2F978-1-4842-3965-0{\_}5,,Apress,Beginning Microsoft Graph
10.1016/j.jsis.2015.08.006,Gerenciando inovações potencialmente disruptivas em empresas de software transformando de nas instalações do On Demand,2015,Kaltenecker Natalie and Hess Thomas and Huesig Stefan,10.1016/j.jsis.2015.08.006,https://doi.org/10.1016{\%}2Fj.jsis.2015.08.006,Cloud computingDisruptive innovationSoftware as a serviceSoftware industryTransformation strategy,Elsevier BV,
10.1109/CLOUD.2012.125,Selecção serviço impulsionado QoS para multi SaaS inquilino,2012,He Qiang and Han Jun and Yang Yun and Grundy John and Jin Hai,10.1109/CLOUD.2012.125,https://doi.org/10.1109{\%}2Fcloud.2012.125,Cloud computingQuality of ServiceSaaSmultitenancyoptimisationservice composition,IEEE,Proceedings  2012 IEEE 5th International Conference on Cloud Computing CLOUD 2012
10.1109/ICWS.2010.65,Uma heurística eficaz para o problema de colocação inquilino on-line em SaaS,2010,Zhang Yi and Wang Zhihu and Gao Bo and Guo Changjie and Sun Wei and Li Xiaoping,10.1109/ICWS.2010.65,https://doi.org/10.1109{\%}2Ficws.2010.65,HeuristicOnline tenant placement problemResource consumption estimation modelVector distance,IEEE,ICWS 2010  2010 IEEE 8th International Conference on Web Services
10.1109/QUATIC.2018.00015,Usando microservices intrusivas para permitir profunda personalização de SaaS multitenant,2018,Chauvel Franck and Solberg Arnor,10.1109/QUATIC.2018.00015,https://doi.org/10.1109{\%}2Fquatic.2018.00015,Cloud computingCustomizationMicroservicesMulti tenancy,IEEE,Proceedings  2018 International Conference on the Quality of Information and Communications Technology QUATIC 2018
10.1007/978-3-642-15417-1_9,fornecedores Softwareasaservice eles estão prontos para entregar com sucesso,2010,Heart Tsipi and Tsur Noa Shamir and Pliskin Nava,10.1007/978-3-642-15417-1_9,https://doi.org/10.1007{\%}2F978-3-642-15417-1{\_}9,,Springer Berlin Heidelberg,Lecture Notes in Business Information Processing
10.1016/j.jss.2014.01.021,personalização eficiente de aplicações SoftwareasaService multitenant com linhas de serviço,2014,Walraven Stefan and Van Landuyt Dimitri and Truyen Eddy and Handekyn Koen and Joosen Wouter,10.1016/j.jss.2014.01.021,https://doi.org/10.1016{\%}2Fj.jss.2014.01.021,MultitenancySaaSVariability,Elsevier BV,
10.1109/CEC-EEE.2007.9,Uma abordagem policydriven para softwareasservices personalização,2007,Zhang Kuo and Zhang Xin and Sun Wei and Liang Haiqi and Huang Ying and Zeng Liangzhao and Liu Xuanzhe,10.1109/CEC-EEE.2007.9,https://doi.org/10.1109{\%}2Fcec-eee.2007.9,,IEEE,Proceedings  The 9th IEEE International Conference on ECommerce Technology The 4th IEEE International Conference on Enterprise Computing ECommerce and EServices CECEEE 2007
10.1109/CLOUD.2012.146,arquitetura de gerenciamento de segurança TOSSMA A tenantoriented SaaS,2012,Almorsy Mohamed and Grundy John and Ibrahim Amani S,10.1109/CLOUD.2012.146,https://doi.org/10.1109{\%}2Fcloud.2012.146,Cloud computingSaaS application securitycloud computing securitymultitenancy security,IEEE,Proceedings  2012 IEEE 5th International Conference on Cloud Computing CLOUD 2012
10.5121/csit.2014.4205,MultiDimensional Personalização modelagem baseada em metagráfico para aplicativos SaaS multitenant,2014,A Shahin Ashraf,10.5121/csit.2014.4205,https://doi.org/10.5121{\%}2Fcsit.2014.4205,,Academy  Industry Research Collaboration Center AIRCC,Computer Science  Information Technology  CS  IT 
10.2991/icmeit-17.2017.75,Aplicação de multitenant serviço de personalização algoritmo baseado no multitarget Ant Colony Algorithm em Nuvem Plataforma de Software as a Service,2017,Li Weibo,10.2991/icmeit-17.2017.75,https://doi.org/10.2991{\%}2Ficmeit-17.2017.75,,Atlantis Press,Proceedings of the 2nd International Conference on Mechatronics Engineering and Information Technology ICMEIT 2017
10.1109/CNSI.2011.56,Um projeto da arquitetura conceitual para uma plataforma multitenant aplicativo SaaS,2011,Kang Sungjoo and Kang Sungwon and Hur Sungjin,10.1109/CNSI.2011.56,https://doi.org/10.1109{\%}2Fcnsi.2011.56,,IEEE,Proceedings  1st ACISJNU International Conference on Computers Networks Systems and Industrial Engineering CNSI 2011
10.1109/ICPADS.2009.22,regulamentação do desempenho Feedbackcontrolbased para aplicações multitenant,2009,Lin Hailue and Sun Kai and Zhao Shuan and Han Yanbo,10.1109/ICPADS.2009.22,https://doi.org/10.1109{\%}2Ficpads.2009.22,,IEEE,Proceedings of the International Conference on Parallel and Distributed Systems  ICPADS
10.1109/CNT.2014.7062719,modelo multitenant SaaS de cloud Problemas e soluções de computação,2015,Saraswathi M and Bhuvaneswari T,10.1109/CNT.2014.7062719,https://doi.org/10.1109{\%}2Fcnt.2014.7062719,MultitenancySoftware as a serviceresource utilization,IEEE,2014 International Conference on Communication and Network Technologies ICCNT 2014
10.1016/j.compind.2016.05.004,análise de eficiência de ERP pacotes Uma perspectiva personalização,2016,Parthasarathy Sudhaman and Sharma Srinarayan,10.1016/j.compind.2016.05.004,https://doi.org/10.1016{\%}2Fj.compind.2016.05.004,CustomizationData Envelopment Analysis DEAEfficiencyEnterprise Resource Planning ERPSoftware productivity,Elsevier BV,
10.1145/2245276.2245358,programação Contextoriented para aplicações SaaS personalizáveis,2012,Truyen Eddy and Cardozo Nicolas and Walraven Stefan and Vallejos Jorge and Bainomugisha Engineer and Gunther Sebastian and DHondt Theo and Joosen Wouter,10.1145/2245276.2245358,https://doi.org/10.1145{\%}2F2245276.2245358,contextoriented programmingcustomizationgoogle app enginemultitenancysoftwareasaService,ACM Press,Proceedings of the ACM Symposium on Applied Computing
10.1109/ICIE.2009.226,Um quadro personalização de processos de negócio flexível para SaaS,2009,Yuliang Shi and Shuai Luan and Qingzhong Li and Haiyang Wang,10.1109/ICIE.2009.226,https://doi.org/10.1109{\%}2Ficie.2009.226,BPELCustomizationSOASaaSSingleinstance multitenancy,IEEE,2009 WASE International Conference on Information Engineering ICIE 2009
10.1007/978-3-642-01347-8_6,Personalizando o software da empresa como um aplicações de serviços de extensão back-end em um ambiente multitenancy,2009,Muller Jurgen and Kruger Jens and Enderlein Sebastian and Helmich Marco and Zeier Alexander,10.1007/978-3-642-01347-8_6,https://doi.org/10.1007{\%}2F978-3-642-01347-8{\_}6,DesignEnterprise resource planningMultitenancySoftware as a service,Springer Berlin Heidelberg,Lecture Notes in Business Information Processing
10.1007/978-3-642-36796-0_15,customização em massa orientada e custam rede de atendimento eficaz,2013,Wang Zhongjie and Xu Xiaofei and Wang Xianzhi,10.1007/978-3-642-36796-0_15,https://doi.org/10.1007{\%}2F978-3-642-36796-0{\_}15,Competency assessmentCosteffectivenessMass customizationService compositionService network,Springer Berlin Heidelberg,Lecture Notes in Business Information Processing
10.1109/HICSS.2001.927130,Adaptação sistemas ERP Um espectro de opções e suas implicações,2001,Brehm Lars and Heinzl Armin and Markus M Lynne,10.1109/HICSS.2001.927130,https://doi.org/10.1109{\%}2Fhicss.2001.927130,ConfigurationCustomizationERP packageERP systemModificationSoftware packageTailoring,IEEE Comput Soc,Proceedings of the Hawaii International Conference on System Sciences
10.5121/ijfcst.2013.3601,Negócios e requisitos técnicos de implicações SoftwareAsAService em Contexto Português de Business,2013,Araujo Virginia Maria and Vazquez Jose Ayude,10.5121/ijfcst.2013.3601,https://doi.org/10.5121{\%}2Fijfcst.2013.3601,,Academy and Industry Research Collaboration Center AIRCC,
10.1109/TEM.2009.2028319,Uma investigação de personalização em implementações de sistemas ERP,2009,Rothenberger Marcus A and Srite Mark,10.1109/TEM.2009.2028319,https://doi.org/10.1109{\%}2Ftem.2009.2028319,Case studyEnterprise resource planning ERPQualitative studySuccess factorsSystem customization,Institute of Electrical and Electronics Engineers IEEE,
10.1109/SOSE.2014.20,Multitenancy e arquitetura subtenant em software como SaaS Serviço,2014,Tsai Wei Tek and Zhong Peide,10.1109/SOSE.2014.20,https://doi.org/10.1109{\%}2Fsose.2014.20,MultiTenancy ArchitectureSaaSSubTenancy Architecture,IEEE,Proceedings  IEEE 8th International Symposium on Service Oriented System Engineering SOSE 2014
10.1109/NISS.2009.181,Um sistema de personalização orientadas processo de negócio multitenant,2009,Shi Yuliang and Luan Shuai and Li Qingzhong and Wang Haiyang,10.1109/NISS.2009.181,https://doi.org/10.1109{\%}2Fniss.2009.181,BPELCustomizationSOASaaSSingleinstance multitenancy,IEEE,Proceedings  2009 International Conference on New Trends in Information and Service Science NISS 2009
10.1016/j.future.2015.05.011,Um quadro personalização integrada para serviços de nuvem SaaSbased,2015,Fan Haolong and Hussain Farookh Khadeer and Younas Muhammad and Hussain Omar Khadeer,10.1016/j.future.2015.05.011,https://doi.org/10.1016{\%}2Fj.future.2015.05.011,Cloud computingCloud servicePersonalizationRecommendation engineSaaSSemantic web,Elsevier BV,
10.1109/SERVICES-2.2008.29,Software as a configuração do serviço e as perspectivas de personalização,2008,Sun Wei and Zhang Xin and Guo Chang Jie and Sun Pei and Su Hui,10.1109/SERVICES-2.2008.29,https://doi.org/10.1109{\%}2Fservices-2.2008.29,,IEEE,Proceedings  2008 IEEE Congress on Services SERVICES 2008
10.1080/10580530902797581,Entendimento personalização sistema empresarial Uma exploração de realidades de implementação e os fatores de influência chave,2009,Haines Marc N,10.1080/10580530902797581,https://doi.org/10.1080{\%}2F10580530902797581,Case studyCustomizationEnterprise Systems ERPStrategic alignment,Informa UK Limited,
10.1007/978-3-540-74974-5_52,Software como um serviço Uma perspectiva de integração,2007,Sun Wei and Zhang Kuo and Chen Shyh Kwei and Zhang Xin and Liang Haiqi,10.1007/978-3-540-74974-5_52,https://doi.org/10.1007{\%}2F978-3-540-74974-5{\_}52,,Springer Berlin Heidelberg,Lecture Notes in Computer Science including subseries Lecture Notes in Artificial Intelligence and Lecture Notes in Bioinformatics
10.1016/j.future.2011.10.013,Um modelo de alocação de recursos tenantbased para escalar aplicações SoftwareasaService mais de infraestruturas de nuvem de computação,2013,Espadas Javier and Molina Arturo and Jimenez Guillermo and Molina Martin and Ramirez Raul and Concha David,10.1016/j.future.2011.10.013,https://doi.org/10.1016{\%}2Fj.future.2011.10.013,Cloud computingMultitenancyResource allocationSoftwareasaServiceVirtualized resources,Elsevier BV,
10.1145/1506216.1506221,Configurabilidade no software SaaS como aplicações de serviços,2009,Nitu,10.1145/1506216.1506221,https://doi.org/10.1145{\%}2F1506216.1506221,DesignExperimentation,ACM Press,Proceedings of the 2nd India Software Engineering Conference ISEC 2009
10.1145/1862372.1862393,aplicações SaaS multitenant sonho Manutenção ou pesadelo,2010,Bezemer Cor Paul and Zaidman Andy,10.1145/1862372.1862393,https://doi.org/10.1145{\%}2F1862372.1862393,,ACM Press,ACM International Conference Proceeding Series
10.1109/SCC.2014.84,arquitetura e preços modelos SaaS,2014,Laatikainen Gabriella and Ojala Arto,10.1109/SCC.2014.84,https://doi.org/10.1109{\%}2Fscc.2014.84,CloudPricingSaaSSaaS architecture,IEEE,Proceedings  2014 IEEE International Conference on Services Computing SCC 2014
10.1145/3183399.3183407,personalização profunda do SaaS multitenant usando microservices intrusivas,2018,Song Hui and Chauvel Franck and Solberg Arnor,10.1145/3183399.3183407,https://doi.org/10.1145{\%}2F3183399.3183407,Architecture styleCustomizationMultitenancySaaS,ACM Press,Proceedings  International Conference on Software Engineering
10.1109/CloudTech.2015.7336976,Uma visão geral do gerenciamento de variabilidade nos serviços em nuvem,2015,Aouzal Khadija and Hafiddi Hatim and Dahchour Mohamed,10.1109/CloudTech.2015.7336976,https://doi.org/10.1109{\%}2Fcloudtech.2015.7336976,Cloud ComputingSOASOCServiceVariability,IEEE,Proceedings of 2015 International Conference on Cloud Computing Technologies and Applications CloudTech 2015
10.4018/978-1-4666-4301-7.ch001,Um roteiro para a engenharia de software para a nuvem resultados de uma revisão sistemática,2013,Sharma Abhishek and Maurer Frank,10.4018/978-1-4666-4301-7.ch001,https://doi.org/10.4018{\%}2F978-1-4666-4301-7.ch001,,IGI Global,Software Design and Development Concepts Methodologies Tools and Applications
10.1109/ICSM.2010.5609735,Permitindo multitenancy um relato de experiência industrial,2010,Bezemer Cor Paul and Zaidman Andy and Platzbeecker Bart and Hurkmans Toine and Hart Aad,10.1109/ICSM.2010.5609735,https://doi.org/10.1109{\%}2Ficsm.2010.5609735,,IEEE,IEEE International Conference on Software Maintenance ICSM
10.1109/CloudCom.2014.142,Classificando requisitos para otimização variabilidade em aplicações multitenant,2015,Saleh Ahmed I and Fouad Mohammed A and AbuElkheir Mervat,10.1109/CloudCom.2014.142,https://doi.org/10.1109{\%}2Fcloudcom.2014.142,MultitenancyMultitenant application architectureRequirements classificationVariability,IEEE,Proceedings of the International Conference on Cloud Computing Technology and Science CloudCom
10.1007/s00766-005-0021-6,Engenharia de Requisitos de classificação de papel e uma proposta de critérios de avaliação e uma discussão,2006,Wieringa Roel and Maiden Neil and Mead Nancy and Rolland Colette,10.1007/s00766-005-0021-6,https://doi.org/10.1007{\%}2Fs00766-005-0021-6,Paper classificationPaper evaluation criteriaRequirements engineering researchResearch methods,Springer Science and Business Media LLC,
10.1109/NOMS.2012.6212066,Desenvolvimento e gestão de software personalizável como um serviço usando a conversão modelo de recurso,2012,Moens Hendrik and Truyen Eddy and Walraven Stefan and Joosen Wouter and Dhoedt Bart and De Turck Filip,10.1109/NOMS.2012.6212066,https://doi.org/10.1109{\%}2Fnoms.2012.6212066,CloudsDesign methodologySPLESaaS,IEEE,Proceedings of the 2012 IEEE Network Operations and Management Symposium NOMS 2012
10.1007/s10515-013-0133-z,engenharia de segurança impulsionada modelo adaptável para aplicações em nuvem com base SaaS,2014,Almorsy Mohamed and Grundy John and Ibrahim Amani S,10.1007/s10515-013-0133-z,https://doi.org/10.1007{\%}2Fs10515-013-0133-z,AdaptivesecurityModeldriven engineeringSecurity engineeringSoftwareasaserviceTenantoriented security,Springer Science and Business Media LLC,
10.1145/2648511.2648519,desenvolvimento de aplicações Featurebased e gerenciamento de aplicações multitenant em nuvens,2014,Moens Hendrik and De Turck Filip,10.1145/2648511.2648519,https://doi.org/10.1145{\%}2F2648511.2648519,Cloud computingFeature modelingMultitenancy,ACM Press,ACM International Conference Proceeding Series
10.1109/SOLI.2011.5986533,Uma técnica exigência elicitação de colaboração para aplicativos SaaS,2011,Zhou Xin and Yi Li and Liu Ying,10.1109/SOLI.2011.5986533,https://doi.org/10.1109{\%}2Fsoli.2011.5986533,SaaScollaborationfeature modelrequirements elicitation,IEEE,Proceedings of 2011 IEEE International Conference on Service Operations Logistics and Informatics SOLI 2011
10.3923/jas.2014.3613.3619,Saas Quality of Service Atributos,2014,Khanjani Atieh and Rahman Wan Nurhayati Wan Ab and Ghani Abdul Azim Abd and Sultan Abu Bakar Md,10.3923/jas.2014.3613.3619,https://doi.org/10.3923{\%}2Fjas.2014.3613.3619,,Science Alert,
10.1109/MC.2008.29,O software mudando negócios em movimento de produtos para serviços,2008,Cusumano Michael A,10.1109/MC.2008.29,https://doi.org/10.1109{\%}2Fmc.2008.29,,Institute of Electrical and Electronics Engineers IEEE,
10.1007/978-3-642-23971-7_47,preservação de privacidade de dados durante a evolução de esquema para aplicações multitenancy em computação em nuvem,2011,Zhang Kun and Li Qingzhong and Shi Yuliang,10.1007/978-3-642-23971-7_47,https://doi.org/10.1007{\%}2F978-3-642-23971-7{\_}47,cloud computingdata privacyschema evolution,Springer Berlin Heidelberg,Lecture Notes in Computer Science including subseries Lecture Notes in Artificial Intelligence and Lecture Notes in Bioinformatics
10.1109/SOCA.2011.6166262,framework de desenvolvimento EasySaaS A SaaS,2011,Tsai Wei Tek and Huang Yu and Shao Qihong,10.1109/SOCA.2011.6166262,https://doi.org/10.1109{\%}2Fsoca.2011.6166262,Cloud ComputingMultitenancy architectureSaaS,IEEE,Proceedings  2011 IEEE International Conference on ServiceOriented Computing and Applications SOCA 2011
10.1145/2451469.2451473,Modularizing personalização esquema tenantspecific em aplicações SaaS,2013,Liao Chun Feng and Chen Kung and Chen Jiu Jye,10.1145/2451469.2451473,https://doi.org/10.1145{\%}2F2451469.2451473,MultitenantSaaSSchemamapping,ACM Press,AOAsia 2013 Proceedings of the 8th International Workshop on Advanced Modularization Techniques  AOAsiaPacific
10.1109/SCC.2008.85,Geração de processos de personalização BPEL para aplicações SaaS de descritores de variabilidade,2008,Mietzner Ralph and Leymann Frank,10.1109/SCC.2008.85,https://doi.org/10.1109{\%}2Fscc.2008.85,,IEEE,Proceedings  2008 IEEE International Conference on Services Computing SCC 2008
10.1007/s11432-013-5050-z,Softwareasaservice SaaS Perspectivas e desafios,2014,Tsai Wei Tek and Bai Xiao Ying and Huang Yu,10.1007/s11432-013-5050-z,https://doi.org/10.1007{\%}2Fs11432-013-5050-z,SaaS architecturecustomizationmultitenancy architectureredundancy and recoveryscalabilitysoftwareasaservice,Springer Science and Business Media LLC,
10.1109/WISA.2013.94,quadro personalização processo em aplicações SaaS,2013,Chen Dapeng and Li Qingzhong and Kong Lanju,10.1109/WISA.2013.94,https://doi.org/10.1109{\%}2Fwisa.2013.94,SaaScustomizationworkflow,IEEE,Proceedings  2013 10th Web Information System and Application Conference WISA 2013
10.1016/s0737-6782(98)90099-6,"As quatro faces de customização em massa James H Gilmore e B Joseph Pine II Harvard Business Review JanuaryFebruary 1,997 pp 91101",1998,,10.1016/s0737-6782(98)90099-6,https://doi.org/10.1016{\%}2Fs0737-6782{\%}2898{\%}2990099-6,,Wiley,
10.1109/MINES.2010.57,Um romance apoiar partilha personalização modelo em aplicações SaaS,2010,Kong Lanju and Li Qingzhong and Zheng Xuxu,10.1109/MINES.2010.57,https://doi.org/10.1109{\%}2Fmines.2010.57,CustomizationsharingMultilevelMultitenancySaaSSchemasharingVirtualized application,IEEE,Proceedings  2010 2nd International Conference on Multimedia Information Networking and Security MINES 2010
10.1109/CEC-EEE.2007.4,Um framework para desenvolvimento de aplicativos multitenancy nativa e gestão,2007,Chang Jie Guo and Sun Wei and Huang Ying and Zhi Hu Wang and Gao Bo,10.1109/CEC-EEE.2007.4,https://doi.org/10.1109{\%}2Fcec-eee.2007.4,,IEEE,Proceedings  The 9th IEEE International Conference on ECommerce Technology The 4th IEEE International Conference on Enterprise Computing ECommerce and EServices CECEEE 2007
10.1109/ISDEA.2012.293,SaaS modelo de evolução do modelo baseado na história de arrendamento,2013,Xiaojun Ren and Yongqing Zheng and Lanju Kong,10.1109/ISDEA.2012.293,https://doi.org/10.1109{\%}2Fisdea.2012.293,Adjust template objects dynamicallyCustomizationISVSaaSTemplatesTenancy history metadata,IEEE,Proceedings of the 2013 3rd International Conference on Intelligent System Design and Engineering Applications ISDEA 2013
10.7763/lnse.2015.v3.173,Configuração como um serviço em multitenant Enterprise Resource Planning Sistema,2015,AlShardan Mona Misfer and Ziani Djamal,10.7763/lnse.2015.v3.173,https://doi.org/10.7763{\%}2Flnse.2015.v3.173,,EJournal Publishing,
10.1007/978-3-642-13633-7_10,Como definir SoftwareasaService Um estudo empírico dos provedores de SaaS Finnish,2010,Makila Tuomas and Jarvi Antero and Ronkko Mikko and Nissila Jussi,10.1007/978-3-642-13633-7_10,https://doi.org/10.1007{\%}2F978-3-642-13633-7{\_}10,Qualitative studySoftware as a serviceSurvey,Springer Berlin Heidelberg,Lecture Notes in Business Information Processing
10.1109/SOCA.2010.5707139,OIC Ontologybased quadro personalização inteligente para SaaS,2010,Tsai Wei Tek and Shao Qihong and Li Wu,10.1109/SOCA.2010.5707139,https://doi.org/10.1109{\%}2Fsoca.2010.5707139,,IEEE,Proceedings  2010 IEEE International Conference on ServiceOriented Computing and Applications SOCA 2010
10.1109/PIC.2010.5687477,Templatebased personalização lógica de negócios para aplicações de SaaS,2010,Chen Wei and Shen Beijun and Qi Zhengwei,10.1109/PIC.2010.5687477,https://doi.org/10.1109{\%}2Fpic.2010.5687477,Business logicBusiness rule templateDomain engineeringSaaSSoftware customization,IEEE,Proceedings of the 2010 IEEE International Conference on Progress in Informatics and Computing PIC 2010
10.1109/HICSS.2008.500,Que quem e onde Insights sobre personalização,2008,Sunikka Anne and Bragge Johanna,10.1109/HICSS.2008.500,https://doi.org/10.1109{\%}2Fhicss.2008.500,,IEEE,Proceedings of the Annual Hawaii International Conference on System Sciences
10.1109/SOSE.2013.44,SaaS personalização aplicação multitenant,2013,Tsai Wei Tek and Sun Xin,10.1109/SOSE.2013.44,https://doi.org/10.1109{\%}2Fsose.2013.44,,IEEE,Proceedings  2013 IEEE 7th International Symposium on ServiceOriented System Engineering SOSE 2013
10.1109/MS.2014.21,customização em massa processo em uma empresa global de software,2014,Mathiassen Lars and Sandberg Anna Borjesson,10.1109/MS.2014.21,https://doi.org/10.1109{\%}2Fms.2014.21,mass customizationsoftware engineeringsoftware processessoftware tailoring,Institute of Electrical and Electronics Engineers IEEE,
10.1007/978-3-642-24434-6_11,Alcançar os processos de negócios multitenanted em aplicativos SaaS,2011,Kapuruge Malinda and Colman Alan and Han Jun,10.1007/978-3-642-24434-6_11,https://doi.org/10.1007{\%}2F978-3-642-24434-6{\_}11,BPMCloudMultitenancySOASaaS,Springer Berlin Heidelberg,Lecture Notes in Computer Science including subseries Lecture Notes in Artificial Intelligence and Lecture Notes in Bioinformatics
10.2139/ssrn.2400363,Implicações SoftwareasAservice para negócios e tecnologia em empresas de software do produto,2012,Dsouza Austin and Kabbedijk Jaap and Seo Dong Back and Jansen Slinger and Brinkkemper Sjaak,10.2139/ssrn.2400363,https://doi.org/10.2139{\%}2Fssrn.2400363,Business models transitionDeployment models transitionOnpremises softwareSoftware vendorsSoftwareasaservice,Elsevier BV,
10.1109/CLOUD.2009.63,Uma metodologia endtoend e kit de ferramentas para SaaSization fina granularidade,2009,Cai Hong and Zhang Ke and Zhou Ming Jun and Gong Wei and Cai Jun Jie and Mao Xin Sheng,10.1109/CLOUD.2009.63,https://doi.org/10.1109{\%}2Fcloud.2009.63,Cloud computingMultitenancySaaSizationSoftware as a Service SaaS,IEEE,CLOUD 2009  2009 IEEE International Conference on Cloud Computing
10.1109/ICIW.2008.68,Definindo pacotes compostos aplicativo SaaS configuráveis ​​utilizando descritores SCA variabilidade e padrões multitenancy,2008,Mietzner Ralph and Leymann Frank and Papazoglou Mike P,10.1109/ICIW.2008.68,https://doi.org/10.1109{\%}2Ficiw.2008.68,,IEEE,Proceedings  3rd International Conference on Internet and Web Applications and Services ICIW 2008
10.1145/1985394.1985397,Engenharia de Sistemas SoftwareasaService multitenant,2011,Sengupta Bikram and Roychoudhury Abhik,10.1145/1985394.1985397,https://doi.org/10.1145{\%}2F1985394.1985397,Cloud computingMultitenancyRefinementSemanticsSoftwareasaServiceTesting,ACM Press,Proceedings  International Conference on Software Engineering
10.1109/EDOC.2009.13,Combinando diferentes padrões multi-tenancy em aplicações orientadas a serviços,2009,Mietzner Ralph and Unger Tobias and Titze Robert and Leymann Frank,10.1109/EDOC.2009.13,https://doi.org/10.1109{\%}2Fedoc.2009.13,Composite applicationsMultitenancySOASaaSServices,IEEE,Proceedings  13th IEEE International Enterprise Distributed Object Computing Conference EDOC 2009
10.1109/IISA.2014.6878755,Concepção e implementação de um quadro Nuvem SaaS para aplicações multitenant,2014,Morakos Petros and Meliones Apostolos,10.1109/IISA.2014.6878755,https://doi.org/10.1109{\%}2Fiisa.2014.6878755,Cloud ComputingDistributed SystemsMultiTenancySaaS frameworkWeb IDE,IEEE,IISA 2014  5th International Conference on Information Intelligence Systems and Applications
10.1109/HICSS.2011.489,Quais são importantes mecanismos de governança e de gestão para alcançá-lo flexibilidade na ServiceOriented arquiteturas SOA Uma exploração empírica,2011,Joachim Nils and Beimborn Daniel and Weitzel Tim,10.1109/HICSS.2011.489,https://doi.org/10.1109{\%}2Fhicss.2011.489,,IEEE,Proceedings of the Annual Hawaii International Conference on System Sciences
10.1109/SCC.2008.138,Um software como um serviço com suporte multitenancy para uma aplicação de gestão de contrato eletrônico,2008,Kwok Thomas and Nguyen Thao and Lam Linh,10.1109/SCC.2008.138,https://doi.org/10.1109{\%}2Fscc.2008.138,,IEEE,Proceedings  2008 IEEE International Conference on Services Computing SCC 2008
10.18608/hla17.012,Aprendizagem Analytics Dashboards,2017,Klerkx Joris and Verbert Katrien and Duval Erik,10.18608/hla17.012,https://doi.org/10.18608{\%}2Fhla17.012,,Society for Learning Analytics Research SoLAR,Handbook of Learning Analytics
10.1109/ICMSS.2009.5300967,personalização de software baseado na arquitetura modeldriven sobre plataformas SaaS,2009,Xiyong Zhu and Shixiong Wang,10.1109/ICMSS.2009.5300967,https://doi.org/10.1109{\%}2Ficmss.2009.5300967,MDASTMLSaaSSoftware customization,IEEE,Proceedings  International Conference on Management and Service Science MASS 2009
10.1145/2364412.2364441,gerenciamento de configuração dinâmica de aplicativos em nuvem baseados,2012,Schroeter Julia and Mucha Peter and Muth Marcel and Jugel Kay and Lochau Malte,10.1145/2364412.2364441,https://doi.org/10.1145{\%}2F2364412.2364441,Cloud computingExtended feature modelMultitenancyStaged configuration,ACM Press,ACM International Conference Proceeding Series
10.1109/icieem.2011.6035174,Estudo sobre a estrutura de camada de apresentação de sistemas de ebusiness multitenant,2011,Yao Peng and Wen Haoyu and Dai Qiongjie,10.1109/icieem.2011.6035174,https://doi.org/10.1109{\%}2Ficieem.2011.6035174,,IEEE,2011 IEEE 18th International Conference on Industrial Engineering and Engineering Management
10.1109/CloudCom.2014.131,evolução dinâmica SaaS baseados em linhas de produtos de software modeldriven,2015,Mohamed Fatma and AbuMatar Mohammad and Mizouni Rabeb and AlQutayri Mahmoud and Mahmoud Zaid Al,10.1109/CloudCom.2014.131,https://doi.org/10.1109{\%}2Fcloudcom.2014.131,Dynamic evolutionModel driven engineeringMultitenant applicationsSaasSoftware product lines,IEEE,Proceedings of the International Conference on Cloud Computing Technology and Science CloudCom
10.1109/PESOS.2009.5068815,modelagem de variabilidade para personalização apoio e implantação de software multitenantaware como aplicações de serviços,2009,Mietzner Ralph and Metzger Andreas and Leymann Frank and Pohl Klaus,10.1109/PESOS.2009.5068815,https://doi.org/10.1109{\%}2Fpesos.2009.5068815,,IEEE,Proceedings of the 2009 ICSE Workshop on Principles of Engineering Service Oriented Systems PESOS 2009
10.1109/mesoca.2012.6392595,From Software como um bom software como um serviço Preparando a evolução de produtos de software para a nuvem,2013,Arrieta Leire OrueEchevarria,10.1109/mesoca.2012.6392595,https://doi.org/10.1109{\%}2Fmesoca.2012.6392595,,IEEE,2012 IEEE 6th International Workshop on the Maintenance and Evolution of ServiceOriented and CloudBased Systems MESOCA
10.1109/APSCC.2010.38,modelagem personalizado para SaaS baseado em WSCL estendida,2010,Liu Ying and Zhang Bin and Liu Guoqi and Wang Deshuai and Gao Yan,10.1109/APSCC.2010.38,https://doi.org/10.1109{\%}2Fapscc.2010.38,Business modelMultiTenantSaaS serviceTenant modelexWSCL,IEEE,Proceedings  2010 IEEE AsiaPacific Services Computing Conference APSCC 2010
10.1016/j.future.2015.05.017,Alocação de recursos para aplicações multitenant personalizáveis ​​em nuvens usando colocação característica dinâmica,2015,Moens Hendrik and Dhoedt Bart and De Turck Filip,10.1016/j.future.2015.05.017,https://doi.org/10.1016{\%}2Fj.future.2015.05.017,Cloud resource managementDynamic application placementFeature placementSoftware product line engineering,Elsevier BV,
10.1109/SAI.2016.7556059,Um quadro para a análise do impacto das modificações de planejamento de recursos empresariais postimplementation,2016,Parhizkar Minou and Comuzzi Marco,10.1109/SAI.2016.7556059,https://doi.org/10.1109{\%}2Fsai.2016.7556059,Change Impact AnalysisConceptual ModelERP ModificationEnterprise resource planning ERP,IEEE,Proceedings of 2016 SAI Computing Conference SAI 2016
10.1145/2791060.2791080,Variabilidade middleware para aplicações de SaaS multitenant um roteiro de investigação para linhas de serviço,2015,Van Landuyt Dimitri and Walraven Stefan and Joosen Wouter,10.1145/2791060.2791080,https://doi.org/10.1145{\%}2F2791060.2791080,Models at run timeMultitenant saasOperational supportRuntime variabilityService linesVariability middleware,ACM Press,ACM International Conference Proceeding Series
10.1109/ISCID.2016.2103,método de personalização de pesquisa em SaaS orientadas de processos de negócios,2016,Han Chunyan and Wu Chenni and Gong Wanqi,10.1109/ISCID.2016.2103,https://doi.org/10.1109{\%}2Fiscid.2016.2103,Business processCustomized configurationLayered structureSaaSSoftware as a service,IEEE,Proceedings  2016 9th International Symposium on Computational Intelligence and Design ISCID 2016
10.1109/ICEBE.2011.68,Compreender a complexidade em torno multitenancy na computação em nuvem,2011,Wood Katie and Anderson Mark,10.1109/ICEBE.2011.68,https://doi.org/10.1109{\%}2Ficebe.2011.68,Data Protection and Privacy LawsMultitenancySaaSScalabilitySecurityteleworking,IEEE,Proceedings  2011 8th IEEE International Conference on eBusiness Engineering ICEBE 2011
10.1109/INM.2009.5188879,solução multitenant para o gerenciamento de serviços Um estudo quantitativo de benefícios,2009,Shwartz Larisa and Diao Yixin and Grabarnik Genady Ya,10.1109/INM.2009.5188879,https://doi.org/10.1109{\%}2Finm.2009.5188879,,IEEE,2009 IFIPIEEE International Symposium on Integrated Network Management IM 2009
10.5220/0004490401620168,Um modelo de arquitetura para personalizar a lógica de negócios de aplicativos SaaS,2013,Correia Andre and Penha Jorge Renato and Da Cruz Antonio Miguel Rosado,10.5220/0004490401620168,https://doi.org/10.5220{\%}2F0004490401620168,Business logic configurabilityCustomizabilityExtensibilityMultitenancySaaSSoftware as a service,SciTePress  Science and and Technology Publications,ICSOFT 2013  Proceedings of the 8th International Joint Conference on Software Technologies
10.1145/2110147.2110160,Rumo a modelagem de uma arquitectura variável para aplicações multi tenant SaaS,2012,Schroeter Julia and Cech Sebastian and Gotz Sebastian and Wilke Claas and Assmann Uwe,10.1145/2110147.2110160,https://doi.org/10.1145{\%}2F2110147.2110160,AutotuningMultitenancySelfoptimizationSoftwareasaserviceVariability modeling,ACM Press,ACM International Conference Proceeding Series
10.1145/3147704.3147722,Padrões para o gerenciamento de inquilinos em uma aplicação multitenant,2017,Kalra Sumit and Prabhakar T V,10.1145/3147704.3147722,https://doi.org/10.1145{\%}2F3147704.3147722,ElasticityMultitenantObservabilitySeparability,ACM,ACM International Conference Proceeding Series
10.1109/APSEC.2000.896702,software Servicebased O futuro para o software flexível,2000,Bennett K and Layzell P and Budgen D and Brereton P and Macaulay L and Munro M,10.1109/APSEC.2000.896702,https://doi.org/10.1109{\%}2Fapsec.2000.896702,Computer architectureComputer industryComputer scienceFailure analysisMarine vehiclesProgrammingSoftware engineeringSoftware qualityTechnological innovationTime to market,IEEE Comput Soc,Proceedings  AsiaPacific Software Engineering Conference APSEC
10.1109/IC3.2014.6897195,Rumo paradigma de engenharia de software para o software como um serviço,2014,Baliyan Niyati and Kumar Sandeep,10.1109/IC3.2014.6897195,https://doi.org/10.1109{\%}2Fic3.2014.6897195,cloud computingqualityreengineeringsoftware as a servicesoftware engineeringweb engineering,IEEE,2014 7th International Conference on Contemporary Computing IC3 2014
10.1007/978-3-642-24574-9_20,Variabilidade em ambientes multitenant padrões de projeto de arquitetura da indústria,2011,Kabbedijk Jaap and Jansen Slinger,10.1007/978-3-642-24574-9_20,https://doi.org/10.1007{\%}2F978-3-642-24574-9{\_}20,Architectural PatternsMultitenancySoftwareasaServiceVariability,Springer Berlin Heidelberg,Lecture Notes in Computer Science including subseries Lecture Notes in Artificial Intelligence and Lecture Notes in Bioinformatics
10.5121/ijcsit.2014.6503,Variabilidade Modelagem para aplicativos personalizáveis ​​Saas,2014,A Shahin Ashraf,10.5121/ijcsit.2014.6503,https://doi.org/10.5121{\%}2Fijcsit.2014.6503,,Academy and Industry Research Collaboration Center AIRCC,
10.1109/IndiaCom.2014.6828017,comparação de projeto de aplicação e SaaS tradicional,2014,Vidhyalakshmi R and Kumar Vikas,10.1109/IndiaCom.2014.6828017,https://doi.org/10.1109{\%}2Findiacom.2014.6828017,Design of SaaSMashupsModularizationNoSQLSaaS DRESS codeService Oriented Architecture,IEEE,2014 International Conference on Computing for Sustainable Global Development INDIACom 2014
10.1109/APSCC.2009.5394111,Rumo alto nível Métodos SaaS modelo de maturidade e estudo de caso,2009,Zhang Yong and Liu Shijun and Meng Xiangxu,10.1109/APSCC.2009.5394111,https://doi.org/10.1109{\%}2Fapscc.2009.5394111,,IEEE,2009 IEEE AsiaPacific Services Computing Conference APSCC 2009
10.1145/3141128.3141136,orientações relativas à arquitectura processo de desenvolvimento de SaaS,2017,Aleem Saiqa and Batool Rabia and Ahmed Faheem and Khatak Asad and Muhammad Ubaid Ullah Raja,10.1145/3141128.3141136,https://doi.org/10.1145{\%}2F3141128.3141136,CustomizationGuidelinesMTASaaSSaaS architectureScalability,ACM Press,ACM International Conference Proceeding Series
10.1007/978-3-319-58801-8_12,Compreender a flexibilidade de software nuvem ERP,2017,Nowak Dawid and Kurbel Karl,10.1007/978-3-319-58801-8_12,https://doi.org/10.1007{\%}2F978-3-319-58801-8{\_}12,CloudCustomizationERPFlexibilityOndemandSaaS,Springer International Publishing,Lecture Notes in Business Information Processing
10.1145/2020723.2020731,Rumo a uma escaláveis ​​e robustas SaaS multitenancy,2010,Tsai Wei Tek and Shao Qihong and Huang Yu and Bai Xiaoying,10.1145/2020723.2020731,https://doi.org/10.1145{\%}2F2020723.2020731,CustomizationDatabase PartitioningRecoverySaaSTesting,ACM Press,Proceedings of the 2nd AsiaPacific Symposium on Internetware Internetware 2010
10.1109/TSC.2015.2405546,Um quadro featurebased para o desenvolvimento e fornecimento de serviços web personalizados,2016,Nguyen Tuan and Colman Alan and Han Jun,10.1109/TSC.2015.2405546,https://doi.org/10.1109{\%}2Ftsc.2015.2405546,Feature modelingService customizationService middlewareWeb services,Institute of Electrical and Electronics Engineers IEEE,
10.1007/978-3-642-12098-5_28,Um modelo de maturidade geral e arquitetura de referência para o serviço SaaS,2010,Kang Seungseok and Myung Jaeseok and Yeon Jongheum and Ha Seong Wook and Cho Taehyung and Chung Ji Man and Lee Sang Goo,10.1007/978-3-642-12098-5_28,https://doi.org/10.1007{\%}2F978-3-642-12098-5{\_}28,ASPMaturity modelSaaS serviceSoftware business,Springer Berlin Heidelberg,Lecture Notes in Computer Science including subseries Lecture Notes in Artificial Intelligence and Lecture Notes in Bioinformatics
10.1109/SCC.2013.113,Um desenvolvimento customização em massa CCRA base para serviços em nuvem,2013,Hu Bo and Ma Yutao and Zhang Liang Jie and Xing Chunxiao and Zou Jun and Xu Ping,10.1109/SCC.2013.113,https://doi.org/10.1109{\%}2Fscc.2013.113,cloud computingcollaborative developmentdomain modelingmass customizationreference architecture,IEEE,Proceedings  IEEE 10th International Conference on Services Computing SCC 2013
10.1109/CLOUD.2012.27,Um framework de aplicações web multitenant para SaaS,2012,Lee Wonjae and Choi Min,10.1109/CLOUD.2012.27,https://doi.org/10.1109{\%}2Fcloud.2012.27,Cloud ComputingMultitenancyPlatform as a Service PaaSSoftware as a Service SaaS,IEEE,Proceedings  2012 IEEE 5th International Conference on Cloud Computing CLOUD 2012
10.1016/S0167-6423(02)00058-8,Um modelo de mudança de impacto para avaliação mutabilidade em sistemas de software orientado a objetos,2002,Chaumun M Ajmal and Kabaili Hind and Keller Rudolf K and Lustman Franccois,10.1016/S0167-6423(02)00058-8,https://doi.org/10.1016{\%}2Fs0167-6423{\%}2802{\%}2900058-8,C languageChange impactDesignMaintenanceSoftware engineeringSoftware metricsSoftware quality,Elsevier BV,
10.1109/FiCloud.2014.32,Ontologia modelo para multitenancy suporte em software como um ambiente de serviço,2014,Nam Taewoo and Yeom Keunhyuk,10.1109/FiCloud.2014.32,https://doi.org/10.1109{\%}2Fficloud.2014.32,Cloud ComputingFrameworkMetamodelMultitenancyOntology ModelSaaS,IEEE,Proceedings  2014 International Conference on Future Internet of Things and Cloud FiCloud 2014
10.1007/978-3-642-00899-3_8,Grade do negócio Combinando serviços web e Grid,2009,Mietzner Ralph and Karastoyanova Dimka and Leymann Frank,10.1007/978-3-642-00899-3_8,https://doi.org/10.1007{\%}2F978-3-642-00899-3{\_}8,,Springer Berlin Heidelberg,Lecture Notes in Computer Science including subseries Lecture Notes in Artificial Intelligence and Lecture Notes in Bioinformatics
10.1109/PESOS.2015.10,evolução contínua de aplicativos SaaS multitenant Uma abordagem adaptação dinâmica personalizável,2015,Gey Fatih and Landuyt Dimitri Van and Joosen Wouter and Jonckers Viviane,10.1109/PESOS.2015.10,https://doi.org/10.1109{\%}2Fpesos.2015.10,,IEEE,ICSE Workshop on Principles of Engineering Service Oriented Systems
10.1016/j.respol.2012.12.006,avaliação ex ante de susceptibilidade disruptiva em redes de valor estabelecido quando são mercados pronto para inovações disruptivas,2013,Klenner Philipp and Husig Stefan and Dowling Michael,10.1016/j.respol.2012.12.006,https://doi.org/10.1016{\%}2Fj.respol.2012.12.006,Disruptive innovationDisruptive susceptibilityEarly warning system,Elsevier BV,
10.1109/SCC.2013.30,Compartilhando com uma diferença Percebendo aplicativos SaaS servicebased com compartilhamento de tempo de execução e variação de linhas de produtos de software dinâmico,2013,Kumara Indika and Han Jun and Colman Alan and Nguyen Tuan and Kapuruge Malinda,10.1109/SCC.2013.30,https://doi.org/10.1109{\%}2Fscc.2013.30,SPLSaaScompositionalmultitenancyvariability,IEEE,Proceedings  IEEE 10th International Conference on Services Computing SCC 2013
10.1109/ICSEA.2008.48,desenvolvimento de aplicações sobre plataformas softwareasaservice,2008,Espadas Javier and Concha David and Molina Arturo,10.1109/ICSEA.2008.48,https://doi.org/10.1109{\%}2Ficsea.2008.48,,IEEE,Proceedings  The 3rd International Conference on Software Engineering Advances ICSEA 2008 Includes ENTISY 2008 International Workshop on Enterprise Information Systems
10.1109/ICACCI.2013.6637284,Desenvolvimento de quadro multitenant SaaS em única instância e com multitenancy zero esforço,2013,Kale Sonali S and Borhade Ravindra H,10.1109/ICACCI.2013.6637284,https://doi.org/10.1109{\%}2Ficacci.2013.6637284,SaaSSaaS platformmultitenantsingle instancezero effort multitenancy,IEEE,Proceedings of the 2013 International Conference on Advances in Computing Communications and Informatics ICACCI 2013
10.1109/WISA.2010.18,Uma arquitectura de armazenamento de dados de suporte de Personalização de vários níveis para SaaS,2010,Zheng Xuxu and Li Qingzhong and Kong Lanju,10.1109/WISA.2010.18,https://doi.org/10.1109{\%}2Fwisa.2010.18,CustomizationMetadatadrivenSaaSSchemasharingVirtualizedapplication,IEEE,Proc  7th Web Information Systems and Applications Conference WISA 2010 Workshop on Semantic Web and Ontology SWON 2010 Workshop on Electronic Government Technology and Application EGTA 2010
10.1109/ISORCW.2012.44,arquiteturas escaláveis ​​para SaaS,2012,Tsai Wei Tek and Huang Yu and Bai Xiaoying and Gao Jerry,10.1109/ISORCW.2012.44,https://doi.org/10.1109{\%}2Fisorcw.2012.44,,IEEE,Proceedings  2012 15th IEEE International Symposium on ObjectComponentServiceOriented RealTime Distributed Computing Workshops ISORCW 2012
10.1145/2897053.2897057,Evoluindo aplicativos SaaS multitenant através promulgação atualização selfadaptive e mediação inquilino,2016,Gey Fatih and Van Landuyt Dimitri and Joosen Wouter,10.1145/2897053.2897057,https://doi.org/10.1145{\%}2F2897053.2897057,,ACM Press,Proceedings  11th International Symposium on Software Engineering for Adaptive and SelfManaging Systems SEAMS 2016
10.1109/wswan.2015.7209089,Uma nova estrutura para personalizar os sistemas de ERP em um ambiente multi SaaS inquilino,2015,Ziani Djamal and AlShehri Asma,10.1109/wswan.2015.7209089,https://doi.org/10.1109{\%}2Fwswan.2015.7209089,,IEEE,2015 2nd World Symposium on Web Applications and Networking WSWAN
10.20967/jcscm.2018.03.001,Customização de Software as a problemas Aplicativo de Serviço e Objetivos,2018,Qasem Ali Abdulrazzaq and Md Sultan Abu Bakar and Abd Ghani Abdul Azim and Zulzalil Hazura,10.20967/jcscm.2018.03.001,https://doi.org/10.20967{\%}2Fjcscm.2018.03.001,,Science and Knowledge Research Society,
10.1007/978-3-642-32847-3_75,Para a criação de massa Métodos de personalização para Serviços CloudCompliant,2013,Hosono Shigeru and Shimomura Yoshiki,10.1007/978-3-642-32847-3_75,https://doi.org/10.1007{\%}2F978-3-642-32847-3{\_}75,,Springer Berlin Heidelberg,The Philosophers Stone for Sustainability
10.1109/HPCC-SmartCity-DSS.2016.0107,Um Estudo sobre Forensics e Desafios na SaaS Application Environment nuvem,2017,Park Jun Hak and Na Sang Ho and Park Jun Young and Huh Eui Nam and Lee Chul Woo and Kim Hyoung Chun,10.1109/HPCC-SmartCity-DSS.2016.0107,https://doi.org/10.1109{\%}2Fhpcc-smartcity-dss.2016.0107,Cloud computingCloud forensics,IEEE,Proceedings  18th IEEE International Conference on High Performance Computing and Communications 14th IEEE International Conference on Smart City and 2nd IEEE International Conference on Data Science and Systems HPCCSmartCityDSS 2016
10.1145/2666581.2666585,engenharia de software para os desafios multitenancy computação e implicações,2014,Ru Jia and Grundy John and Keung Jacky,10.1145/2666581.2666585,https://doi.org/10.1145{\%}2F2666581.2666585,Cloud computingMultitenancyResource allocationSaasScheduling policiesSoftware development,ACM Press,International Workshop on Innovative Software Development Methodologies and Practices InnoSWDev 2014  Proceedings
10.5220/0006763104810488,O modelo baseado ontologicamente para a integração dos serviços de ERP da Internet das coisas e nuvem,2018,Androvcec Darko and Picek Ruben and Mijavc Marko,10.5220/0006763104810488,https://doi.org/10.5220{\%}2F0006763104810488,Cloud ERPERPIntegrationInternet of ThingsInteroperabilityIotSemantic Web,SCITEPRESS  Science and Technology Publications,CLOSER 2018  Proceedings of the 8th International Conference on Cloud Computing and Services Science
10.1109/ICWS.2011.99,A arquitetura multitenant para execuções de processos de negócios,2011,Pathirage Milinda and Perera Srinath and Kumara Indika and Weerawarana Sanjiva,10.1109/ICWS.2011.99,https://doi.org/10.1109{\%}2Ficws.2011.99,Business processesCloudMultitenancySOAWorkflows,IEEE,Proceedings  2011 IEEE 9th International Conference on Web Services ICWS 2011
10.1007/978-94-007-5064-7_27,Apoiar multitenancy em ambientes SaaS,2012,Lee Wonjae and Choi Min,10.1007/978-94-007-5064-7_27,https://doi.org/10.1007{\%}2F978-94-007-5064-7{\_}27,Cloud ComputingMultitenancyPlatform as a Service PaaSSoftware as a Service SaaS,Springer Netherlands,Lecture Notes in Electrical Engineering
10.1109/ICoCS.2014.7060957,No sentido SaaS flexíveis e reutilizáveis ​​para multitenancy para conceber e implementar ligam variabilidade multifuncional para serviços RichVariant,2015,Kriouile Houda and El Asri Bouchra and El Haloui Mbarek,10.1109/ICoCS.2014.7060957,https://doi.org/10.1109{\%}2Ficocs.2014.7060957,Deployment VariabilityFunctional VariabilityMultitenancyRichVariant ComponentSaaS,IEEE,2014 2nd World Conference on Complex Systems WCCS 2014
10.1109/ICIME.2010.5477915,modelo de negócios SaaS para a empresa de software,2010,Liao Hancheng,10.1109/ICIME.2010.5477915,https://doi.org/10.1109{\%}2Ficime.2010.5477915,Business modelSaasSoftware enterprise,IEEE,ICIME 2010  2010 2nd IEEE International Conference on Information Management and Engineering
10.1109/ICPCA.2010.5704108,modelagem de personalização com base em metagráfico para aplicações multitenant,2010,Cui Lizhen and Wang Haiyang and Lin Jinjiao and Pu Haitao,10.1109/ICPCA.2010.5704108,https://doi.org/10.1109{\%}2Ficpca.2010.5704108,Customization modelingMetagraphSoftware as a service,IEEE,ICPCA10  5th International Conference on Pervasive Computing and Applications
10.1016/j.jss.2018.07.014,Um estudo comparativo das implicações de qualidade estratégias de personalização de fluxo de trabalho para SaaS multitenant,2018,Makki Majid and Van Landuyt Dimitri and Lagaisse Bert and Joosen Wouter,10.1016/j.jss.2018.07.014,https://doi.org/10.1016{\%}2Fj.jss.2018.07.014,Functional customizationMultitenancySoftware qualitySoftwareasaServiceWorkflow automation,Elsevier BV,
10.1145/2851613.2851627,personalização escalável e gerenciável de fluxos de trabalho em ofertas de SaaS multitenant,2016,Makki Majid and Van Landuyt Dimitri and Joosen Wouter and Walraven Stefan,10.1145/2851613.2851627,https://doi.org/10.1145{\%}2F2851613.2851627,BPMN 20BpaasBusiness process customizationMultitenancyRedHat JBoss jBPMWorkflowbased SaaS,ACM Press,Proceedings of the ACM Symposium on Applied Computing
10.1007/978-3-319-04519-1_9,Quadro de Gestão OnDemand Business Rule para SaaS Aplicação,2013,Zhang Xiuwei and He Keqing and Wang Jian and Wang Chong and Li Zheng,10.1007/978-3-319-04519-1_9,https://doi.org/10.1007{\%}2F978-3-319-04519-1{\_}9,Business Rule EngineDecision TablePersonalized CustomizationSaaS,Springer International Publishing,Communications in Computer and Information Science
10.1007/978-3-319-02414-1_1,Examinando modelos de negócios das empresas softwareasaservice,2013,Luoma Eetu,10.1007/978-3-319-02414-1_1,https://doi.org/10.1007{\%}2F978-3-319-02414-1{\_}1,Business ModelsSoftwareasaServiceStrategies,Springer International Publishing,Lecture Notes in Computer Science including subseries Lecture Notes in Artificial Intelligence and Lecture Notes in Bioinformatics
10.1111/1467-6486.00227,A dinâmica da adoção de inovações de produtos e processos nas organizações,2001,Damanpour Fariborz and Gopalakrishnan Shanthi,10.1111/1467-6486.00227,https://doi.org/10.1111{\%}2F1467-6486.00227,,Wiley,
10.4028/www.scientific.net/AMR.219-220.1182,Configuração de aplicativos multitenant,2011,Zhang Sheng Wen and Wang Xuan Peng,10.4028/www.scientific.net/AMR.219-220.1182,https://doi.org/10.4028{\%}2Fwww.scientific.net{\%}2Famr.219-220.1182,MultiTenantPersonalized ConfigurationSaaS,Trans Tech Publications Ltd,
10.1016/j.procS.2018.07.295,Customização de processo de aprendizagem multitenant como um serviço com Business Model característica do processo,2018,Azouzi Sameh and Brahmi Zaki and Ghannouchi Sonia Ayachi,10.1016/j.procS.2018.07.295,https://doi.org/10.1016{\%}2Fj.procs.2018.07.295,BPMElearningSPLcloud computingcustomizationmultitenantvariability,Elsevier BV,
10.1007/978-3-642-05250-7_36,Um mecanismo de modelagem e verificação para SaaS personalização baseado em TLA,2009,Luan Shuai and Shi Yuliang and Wang Haiyang,10.1007/978-3-642-05250-7_36,https://doi.org/10.1007{\%}2F978-3-642-05250-7{\_}36,CustomizationSaaSTLAVerification,Springer Berlin Heidelberg,Lecture Notes in Computer Science including subseries Lecture Notes in Artificial Intelligence and Lecture Notes in Bioinformatics
10.1145/2019136.2019154,Aplicando linhas de produtos de software para criar aplicações de serviço softwareasa personalizáveis,2011,Ruehl Stefan T and Andelfinger Urs,10.1145/2019136.2019154,https://doi.org/10.1145{\%}2F2019136.2019154,SPLSaasSoftware product linesSoftwareasaservice,ACM Press,ACM International Conference Proceeding Series
10.1016/j.trit.2016.08.002,Tenantcentric subtenancy Arquitetura em SoftwareasaService,2016,Tsai WeiTek and Zhong Peide and Chen Yinong,10.1016/j.trit.2016.08.002,https://doi.org/10.1016{\%}2Fj.trit.2016.08.002,,Elsevier BV,
10.1145/2361999.2362029,O papel dos padrões de variabilidade em software de negócios multitenant,2012,Kabbedijk J and Jansen S,10.1145/2361999.2362029,https://doi.org/10.1145{\%}2F2361999.2362029,MultitenancyOnline business softwareSaaSSoftware patternsVariability,ACM Press,ACM International Conference Proceeding Series
10.1007/s10479-019-03149-7,Desafios e fatores de sucesso críticos para operações de customização em massa de vestuário desenvolvimento recente e estudo de caso,2019,Liu Na and Chow Pui Sze and Zhao Hongshan,10.1007/s10479-019-03149-7,https://doi.org/10.1007{\%}2Fs10479-019-03149-7,Case studyFashion industryLiterature reviewMass customizationPersonalization,Springer Science and Business Media LLC,
10.1007/s12599-016-0455-z,Sucedidos Tipos Modelo de Negócios de provedores de nuvem,2017,Labes Stine and Hanner Nicolai and Zarnekow Ruediger,10.1007/s12599-016-0455-z,https://doi.org/10.1007{\%}2Fs12599-016-0455-z,Business modelCloud computingCloud providerCloud strategyExpert interviewsQualitative content analysisSuccess factorsValue proposition,Springer Science and Business Media LLC,
